Timestamp,Fecha,Hora,Sucursal,Idioma,Caja(1-5),Entrega(1-5),Calidad(1-5),Limpieza(1-5),NPS(0-10),Comentarios,FotosURLs,FotosIDs,FolderURL,FolderID,ClienteNick,Week,Month,Year,ID,Estatus,Reviso
10/25/2025 19:00:17,2025-10-25,19:00,Lynwood,es,5,5,3,4,8,,,,https://drive.google.com/drive/folders/1cTUXeLzhhMBd6r7ZlcfR33CLr5SKlBFU,1cTUXeLzhhMBd6r7ZlcfR33CLr5SKlBFU,,43,10,2025,8c3714af-f9d6-42df-bef6-a07620f54463,cerrado,Admin
10/25/2025 19:00:36,2025-10-25,19:00,Lynwood,en,4,4,4,4,9,,,,https://drive.google.com/drive/folders/1cTUXeLzhhMBd6r7ZlcfR33CLr5SKlBFU,1cTUXeLzhhMBd6r7ZlcfR33CLr5SKlBFU,Virginia,43,10,2025,dec7309e-ddbb-4e08-bfc0-5ad3c937cdc4,cerrado,Admin
10/25/2025 19:10:05,2025-10-25,19:10,Lynwood,es,5,5,5,5,10,,,,https://drive.google.com/drive/folders/1cTUXeLzhhMBd6r7ZlcfR33CLr5SKlBFU,1cTUXeLzhhMBd6r7ZlcfR33CLr5SKlBFU,,43,10,2025,ac3439bb-07d6-4167-b016-29b3560eac81,cerrado,Admin
10/25/2025 19:30:27,2025-10-25,19:30,Lynwood,en,5,5,5,5,10,,,,https://drive.google.com/drive/folders/1cTUXeLzhhMBd6r7ZlcfR33CLr5SKlBFU,1cTUXeLzhhMBd6r7ZlcfR33CLr5SKlBFU,,43,10,2025,327018b0-f3fb-462a-9bb1-56c8c7a9651d,cerrado,Admin
10/25/2025 19:30:51,2025-10-25,19:30,Lynwood,es,5,5,5,5,10,Todo est치 bien,,,https://drive.google.com/drive/folders/1cTUXeLzhhMBd6r7ZlcfR33CLr5SKlBFU,1cTUXeLzhhMBd6r7ZlcfR33CLr5SKlBFU,Joel,43,10,2025,99767beb-2388-4e12-a787-7760f0a0db0e,cerrado,Admin
10/25/2025 19:32:42,2025-10-25,19:32,Lynwood,es,5,5,5,5,10,Muy amables.,,,https://drive.google.com/drive/folders/1cTUXeLzhhMBd6r7ZlcfR33CLr5SKlBFU,1cTUXeLzhhMBd6r7ZlcfR33CLr5SKlBFU,Lilly,43,10,2025,f39aebfc-e40a-432f-8591-a6a7ec52190f,cerrado,Admin
10/25/2025 19:34:17,2025-10-25,19:34,Lynwood,es,5,5,5,5,10,Everyone here is excellent! We love the Lynwood location !,,,https://drive.google.com/drive/folders/1cTUXeLzhhMBd6r7ZlcfR33CLr5SKlBFU,1cTUXeLzhhMBd6r7ZlcfR33CLr5SKlBFU,Maria T A,43,10,2025,699c51bc-ffcf-485c-9bde-0c890a17370a,cerrado,Admin
10/25/2025 19:55:08,2025-10-25,19:55,Lynwood,es,4,4,4,3,8,,,,https://drive.google.com/drive/folders/1cTUXeLzhhMBd6r7ZlcfR33CLr5SKlBFU,1cTUXeLzhhMBd6r7ZlcfR33CLr5SKlBFU,츼ngel,43,10,2025,4b3b46fc-4d90-4999-a607-3f9b38e86ae2,cerrado,Admin
10/25/2025 20:03:54,2025-10-25,20:03,Lynwood,es,5,5,5,5,10,Todo bueno y fresco. Y son muy amables,,,https://drive.google.com/drive/folders/1cTUXeLzhhMBd6r7ZlcfR33CLr5SKlBFU,1cTUXeLzhhMBd6r7ZlcfR33CLr5SKlBFU,Karlina,43,10,2025,1268d133-efa7-40c9-a3f4-072b4286521b,cerrado,Admin
10/25/2025 20:08:58,2025-10-25,20:08,Lynwood,es,3,3,3,3,5,Todo  vien  saludo,,,https://drive.google.com/drive/folders/1cTUXeLzhhMBd6r7ZlcfR33CLr5SKlBFU,1cTUXeLzhhMBd6r7ZlcfR33CLr5SKlBFU,,43,10,2025,be809221-2dd9-4fe8-a541-598746137ecd,cerrado,Admin
10/25/2025 20:19:03,2025-10-25,20:19,Lynwood,es,5,5,5,5,10,,,,https://drive.google.com/drive/folders/1cTUXeLzhhMBd6r7ZlcfR33CLr5SKlBFU,1cTUXeLzhhMBd6r7ZlcfR33CLr5SKlBFU,Iris Estrada,43,10,2025,4910091b-7aa3-4529-9a03-a91426dd9aef,cerrado,Admin
10/25/2025 20:37:10,2025-10-25,20:37,Lynwood,es,5,5,5,5,10,,,,https://drive.google.com/drive/folders/1cTUXeLzhhMBd6r7ZlcfR33CLr5SKlBFU,1cTUXeLzhhMBd6r7ZlcfR33CLr5SKlBFU,Luis,43,10,2025,74366456-658b-4dd3-b95b-fc658bf16176,cerrado,Admin
10/25/2025 20:47:16,2025-10-25,20:47,Lynwood,es,5,5,5,5,10,,,,https://drive.google.com/drive/folders/1cTUXeLzhhMBd6r7ZlcfR33CLr5SKlBFU,1cTUXeLzhhMBd6r7ZlcfR33CLr5SKlBFU,,43,10,2025,e1c71f37-90cd-4d66-ad73-da0db03d9802,cerrado,Admin
10/25/2025 21:01:52,2025-10-25,21:01,Lynwood,es,5,5,5,1,10,,,,https://drive.google.com/drive/folders/1cTUXeLzhhMBd6r7ZlcfR33CLr5SKlBFU,1cTUXeLzhhMBd6r7ZlcfR33CLr5SKlBFU,Adrian Contreras,43,10,2025,23c08321-4a14-4121-9650-deac6ce5d350,cerrado,Admin
10/25/2025 21:31:50,2025-10-25,21:31,Lynwood,es,5,5,5,5,10,,,,https://drive.google.com/drive/folders/1cTUXeLzhhMBd6r7ZlcfR33CLr5SKlBFU,1cTUXeLzhhMBd6r7ZlcfR33CLr5SKlBFU,cynthia,43,10,2025,8bab792f-191d-4870-b272-c16479fa659f,cerrado,Admin
10/26/2025 0:03:43,2025-10-26,0:03,Lynwood,es,5,5,5,5,10,Siempre han sido muy amables y con comida r치pida y deliciosa. Hemos regresado por a침os.,,,https://drive.google.com/drive/folders/1PT0VRsYc9VdE6398OxrTIvmMpFL5SgvA,1PT0VRsYc9VdE6398OxrTIvmMpFL5SgvA,Jenni,44,10,2025,ef176a15-ae5d-4b25-986f-21ed263cd1d8,cerrado,Admin
10/26/2025 9:44:05,2025-10-26,9:44,Lynwood,es,5,5,5,5,10,,,,https://drive.google.com/drive/folders/1PT0VRsYc9VdE6398OxrTIvmMpFL5SgvA,1PT0VRsYc9VdE6398OxrTIvmMpFL5SgvA,,44,10,2025,ef370310-3105-4ce3-a3b3-5d3dee6fee73,cerrado,Admin
10/26/2025 13:06:55,2025-10-26,13:06,Lynwood,es,5,5,5,5,10,,,,https://drive.google.com/drive/folders/1PT0VRsYc9VdE6398OxrTIvmMpFL5SgvA,1PT0VRsYc9VdE6398OxrTIvmMpFL5SgvA,,44,10,2025,e93ebc72-74cd-4f77-9835-dc38ea9fb8ff,cerrado,Admin
10/26/2025 13:09:32,2025-10-26,13:09,Lynwood,es,5,5,5,5,10,,,,https://drive.google.com/drive/folders/1PT0VRsYc9VdE6398OxrTIvmMpFL5SgvA,1PT0VRsYc9VdE6398OxrTIvmMpFL5SgvA,,44,10,2025,66a77832-1075-4b54-a52b-03e1dbaadd25,cerrado,Admin
10/26/2025 13:20:55,2025-10-26,13:20,Lynwood,es,5,5,5,5,10,,,,https://drive.google.com/drive/folders/1PT0VRsYc9VdE6398OxrTIvmMpFL5SgvA,1PT0VRsYc9VdE6398OxrTIvmMpFL5SgvA,Ivonne,44,10,2025,6570d4c7-6eec-433b-aa0c-7d5a5afa649e,cerrado,Admin
10/26/2025 13:32:49,2025-10-26,13:32,Lynwood,es,5,5,5,5,10,"Excelente servicio, son muy amables!",https://drive.google.com/uc?export=view&id=1nz01IhrWTYw3CcR00RNd9Nxoq_N1pliA,1nz01IhrWTYw3CcR00RNd9Nxoq_N1pliA,https://drive.google.com/drive/folders/1PT0VRsYc9VdE6398OxrTIvmMpFL5SgvA,1PT0VRsYc9VdE6398OxrTIvmMpFL5SgvA,Laila,44,10,2025,03271a79-3cd3-41bf-bbcb-d6344b44ea01,cerrado,Admin
10/26/2025 13:36:55,2025-10-26,13:36,Lynwood,es,5,5,5,5,10,,,,https://drive.google.com/drive/folders/1PT0VRsYc9VdE6398OxrTIvmMpFL5SgvA,1PT0VRsYc9VdE6398OxrTIvmMpFL5SgvA,Susan,44,10,2025,9e44a44b-a6c2-4488-bc7d-dc205aa7e4b5,cerrado,Admin
10/26/2025 13:42:54,2025-10-26,13:42,Lynwood,es,5,5,5,5,10,,,,https://drive.google.com/drive/folders/1PT0VRsYc9VdE6398OxrTIvmMpFL5SgvA,1PT0VRsYc9VdE6398OxrTIvmMpFL5SgvA,Nic,44,10,2025,53dbd44f-02f4-4a20-9534-17651484867c,cerrado,Admin
10/26/2025 13:45:46,2025-10-26,13:45,Lynwood,en,5,5,5,5,10,,,,https://drive.google.com/drive/folders/1PT0VRsYc9VdE6398OxrTIvmMpFL5SgvA,1PT0VRsYc9VdE6398OxrTIvmMpFL5SgvA,Oscar,44,10,2025,8e9d5fce-ceae-459e-b84d-66e09288ac18,cerrado,Admin
10/26/2025 13:46:21,2025-10-26,13:46,Lynwood,es,5,5,5,5,10,,,,https://drive.google.com/drive/folders/1PT0VRsYc9VdE6398OxrTIvmMpFL5SgvA,1PT0VRsYc9VdE6398OxrTIvmMpFL5SgvA,,44,10,2025,a708ca75-bde0-40cb-a4e3-facc86e4301f,cerrado,Admin
10/26/2025 13:51:59,2025-10-26,13:51,Lynwood,es,5,5,5,5,9,Q habr치n m치s temprano,,,https://drive.google.com/drive/folders/1PT0VRsYc9VdE6398OxrTIvmMpFL5SgvA,1PT0VRsYc9VdE6398OxrTIvmMpFL5SgvA,Ale,44,10,2025,fa59ea64-de08-4c2c-b098-d41c7fc4c59d,cerrado,Admin
10/26/2025 13:59:04,2025-10-26,13:59,Lynwood,es,5,5,5,5,10,,,,https://drive.google.com/drive/folders/1PT0VRsYc9VdE6398OxrTIvmMpFL5SgvA,1PT0VRsYc9VdE6398OxrTIvmMpFL5SgvA,Alicia,44,10,2025,9ab07bc8-5c44-4499-a255-00f8b1fa10b8,cerrado,Admin
10/26/2025 13:59:53,2025-10-26,13:59,Lynwood,es,5,5,5,5,10,,,,https://drive.google.com/drive/folders/1PT0VRsYc9VdE6398OxrTIvmMpFL5SgvA,1PT0VRsYc9VdE6398OxrTIvmMpFL5SgvA,Roxana,44,10,2025,876a321e-161f-4b05-887b-648c13e815ef,cerrado,Admin
10/26/2025 14:04:19,2025-10-26,14:04,Lynwood,es,5,5,5,5,10,,,,https://drive.google.com/drive/folders/1PT0VRsYc9VdE6398OxrTIvmMpFL5SgvA,1PT0VRsYc9VdE6398OxrTIvmMpFL5SgvA,Luis,44,10,2025,9c5c604d-e699-4b25-80e2-0472deb346c4,cerrado,Admin
10/26/2025 14:07:48,2025-10-26,14:07,Lynwood,en,5,5,5,5,10,Todo muy bien,,,https://drive.google.com/drive/folders/1PT0VRsYc9VdE6398OxrTIvmMpFL5SgvA,1PT0VRsYc9VdE6398OxrTIvmMpFL5SgvA,Jaime Mart칤nez,44,10,2025,c0d15dda-7278-4a8d-8047-53a946998941,cerrado,Admin
10/26/2025 14:07:51,2025-10-26,14:07,Lynwood,es,5,5,5,5,10,,,,https://drive.google.com/drive/folders/1PT0VRsYc9VdE6398OxrTIvmMpFL5SgvA,1PT0VRsYc9VdE6398OxrTIvmMpFL5SgvA,Juan,44,10,2025,359019b1-f21f-439f-8141-5fa6408dfce2,cerrado,Admin
10/26/2025 14:12:06,2025-10-26,14:12,Lynwood,es,5,5,5,5,10,Todo bien,,,https://drive.google.com/drive/folders/1PT0VRsYc9VdE6398OxrTIvmMpFL5SgvA,1PT0VRsYc9VdE6398OxrTIvmMpFL5SgvA,Yoshua,44,10,2025,b3b2e8d6-028e-4d6c-881b-f35d5efe8d25,cerrado,Admin
10/26/2025 14:13:21,2025-10-26,14:13,Lynwood,es,5,5,5,5,9,Siempre son buena onda las personas que nos atendienden,,,https://drive.google.com/drive/folders/1PT0VRsYc9VdE6398OxrTIvmMpFL5SgvA,1PT0VRsYc9VdE6398OxrTIvmMpFL5SgvA,Francisco,44,10,2025,12e1c2ca-7980-4705-a24a-502a7ed847eb,cerrado,Roque
10/26/2025 14:13:34,2025-10-26,14:13,Lynwood,en,5,5,5,5,10,,,,https://drive.google.com/drive/folders/1PT0VRsYc9VdE6398OxrTIvmMpFL5SgvA,1PT0VRsYc9VdE6398OxrTIvmMpFL5SgvA,Junior,44,10,2025,9e0fc9a3-d11b-423d-9cf2-7e5575f85928,cerrado,Admin
10/26/2025 14:16:33,2025-10-26,14:16,Lynwood,es,5,5,5,5,10,,,,https://drive.google.com/drive/folders/1PT0VRsYc9VdE6398OxrTIvmMpFL5SgvA,1PT0VRsYc9VdE6398OxrTIvmMpFL5SgvA,,44,10,2025,0cd81b52-58b3-4bfe-801e-1c53e8b22002,cerrado,Admin
10/26/2025 14:18:26,2025-10-26,14:18,Lynwood,es,5,5,5,5,10,,,,https://drive.google.com/drive/folders/1PT0VRsYc9VdE6398OxrTIvmMpFL5SgvA,1PT0VRsYc9VdE6398OxrTIvmMpFL5SgvA,Adri a,44,10,2025,3f5a96ca-c1b5-4a4d-9d80-22af85e581b9,cerrado,Admin
10/26/2025 14:18:47,2025-10-26,14:18,Lynwood,en,5,5,5,5,10,,,,https://drive.google.com/drive/folders/1PT0VRsYc9VdE6398OxrTIvmMpFL5SgvA,1PT0VRsYc9VdE6398OxrTIvmMpFL5SgvA,,44,10,2025,8ecd8501-a3af-4b2f-944b-e3ac75fe1674,cerrado,Admin
10/26/2025 14:19:41,2025-10-26,14:19,Lynwood,es,5,5,5,5,10,,,,https://drive.google.com/drive/folders/1PT0VRsYc9VdE6398OxrTIvmMpFL5SgvA,1PT0VRsYc9VdE6398OxrTIvmMpFL5SgvA,Joe,44,10,2025,b1205e5b-1404-49d7-b22d-770d4183b45d,cerrado,Admin
10/26/2025 14:21:47,2025-10-26,14:21,Lynwood,es,5,5,5,5,10,Very polite and professional fresh food always,,,https://drive.google.com/drive/folders/1PT0VRsYc9VdE6398OxrTIvmMpFL5SgvA,1PT0VRsYc9VdE6398OxrTIvmMpFL5SgvA,Steve Santiago,44,10,2025,625b9c05-c041-4988-8bcc-2e65f69dd96a,cerrado,Admin
10/26/2025 14:26:52,2025-10-26,14:26,Lynwood,es,5,5,5,5,10,No,,,https://drive.google.com/drive/folders/1uz5Jg2MsFiav5fdFFgal09c42TtcH42j,1uz5Jg2MsFiav5fdFFgal09c42TtcH42j,David,44,10,2025,adadcb48-0fac-46f3-b87d-cc7ef572da86,cerrado,Admin
10/26/2025 14:40:01,2025-10-26,14:40,Lynwood,es,5,5,5,5,10,Las tortas est치n bien ricas,,,https://drive.google.com/drive/folders/1Q5vHEGvvzKNYUReNMfpRJC5l-1wLCc2K,1Q5vHEGvvzKNYUReNMfpRJC5l-1wLCc2K,,44,10,2025,d89ae30d-d09b-415a-a360-282a0bc29569,cerrado,Admin
10/26/2025 14:41:28,2025-10-26,14:41,Lynwood,es,5,5,5,5,10,,,,https://drive.google.com/drive/folders/1PT0VRsYc9VdE6398OxrTIvmMpFL5SgvA,1PT0VRsYc9VdE6398OxrTIvmMpFL5SgvA,Martha,44,10,2025,8d8e341c-69e2-4860-b62b-3abd416fb039,cerrado,Admin
10/26/2025 14:41:30,2025-10-26,14:41,Lynwood,es,5,5,5,5,10,Nos gusta la comida y es barato,,,https://drive.google.com/drive/folders/1BghPao-eN_1NSQ2PdvlKTWmEFkwZc8T2,1BghPao-eN_1NSQ2PdvlKTWmEFkwZc8T2,David,44,10,2025,ff292311-0e89-4075-8994-0c82447bbd37,cerrado,Admin
10/26/2025 14:42:03,2025-10-26,14:42,Lynwood,es,5,5,5,5,9,,,,https://drive.google.com/drive/folders/1PT0VRsYc9VdE6398OxrTIvmMpFL5SgvA,1PT0VRsYc9VdE6398OxrTIvmMpFL5SgvA,,44,10,2025,1f536b94-54e5-4b13-a893-d9cb505b4de1,cerrado,Admin
10/26/2025 14:43:26,2025-10-26,14:43,Lynwood,es,5,5,5,5,10,,,,https://drive.google.com/drive/folders/1PT0VRsYc9VdE6398OxrTIvmMpFL5SgvA,1PT0VRsYc9VdE6398OxrTIvmMpFL5SgvA,Loren s,44,10,2025,98b1e9b8-f143-4d91-a34a-f9a2efa6ca56,cerrado,Admin
10/26/2025 14:43:53,2025-10-26,14:43,Lynwood,es,5,5,5,5,10,,,,https://drive.google.com/drive/folders/1PT0VRsYc9VdE6398OxrTIvmMpFL5SgvA,1PT0VRsYc9VdE6398OxrTIvmMpFL5SgvA,,44,10,2025,dd45cd89-ed4d-4dca-afb8-345bf85b4186,cerrado,Admin
10/26/2025 14:53:28,2025-10-26,14:53,Lynwood,es,5,5,5,5,10,,,,https://drive.google.com/drive/folders/1PT0VRsYc9VdE6398OxrTIvmMpFL5SgvA,1PT0VRsYc9VdE6398OxrTIvmMpFL5SgvA,,44,10,2025,010037a1-9204-4393-b258-1e56edce0eed,cerrado,Admin
10/26/2025 14:55:20,2025-10-26,14:55,Lynwood,es,5,5,5,5,10,A mi me atendio una se침orita llamada Heidy muy amable y muy sonriente regresare pronto gracias Heidy por ser tan amable,,,https://drive.google.com/drive/folders/1PT0VRsYc9VdE6398OxrTIvmMpFL5SgvA,1PT0VRsYc9VdE6398OxrTIvmMpFL5SgvA,,44,10,2025,8a6b6a6c-400d-41b5-adcd-7e226cd3d093,cerrado,Admin
10/26/2025 15:00:22,2025-10-26,15:00,Lynwood,en,5,5,5,5,10,,,,https://drive.google.com/drive/folders/1PT0VRsYc9VdE6398OxrTIvmMpFL5SgvA,1PT0VRsYc9VdE6398OxrTIvmMpFL5SgvA,Nickolas,44,10,2025,9bc8730b-c895-49e9-b1da-03ca15285b88,cerrado,Admin
10/26/2025 15:04:57,2025-10-26,15:04,Lynwood,es,5,5,5,5,10,,,,https://drive.google.com/drive/folders/1PT0VRsYc9VdE6398OxrTIvmMpFL5SgvA,1PT0VRsYc9VdE6398OxrTIvmMpFL5SgvA,,44,10,2025,e87781c1-1adb-4610-b9c0-98e18875b2bd,cerrado,Admin
10/26/2025 15:12:05,2025-10-26,15:12,Lynwood,es,5,5,5,5,10,Todo good,,,https://drive.google.com/drive/folders/1PT0VRsYc9VdE6398OxrTIvmMpFL5SgvA,1PT0VRsYc9VdE6398OxrTIvmMpFL5SgvA,Toro,44,10,2025,dfb658d3-6503-4276-aa44-ef6c99635722,cerrado,Admin
10/26/2025 15:13:31,2025-10-26,15:13,Lynwood,es,5,5,5,5,10,Muy bueno Todo!!,,,https://drive.google.com/drive/folders/1PT0VRsYc9VdE6398OxrTIvmMpFL5SgvA,1PT0VRsYc9VdE6398OxrTIvmMpFL5SgvA,Gaby,44,10,2025,2ea09fda-f116-42a7-a00e-db7b1b9ce137,cerrado,Admin
10/26/2025 15:31:08,2025-10-26,15:31,Lynwood,es,5,5,5,5,10,,,,https://drive.google.com/drive/folders/1PT0VRsYc9VdE6398OxrTIvmMpFL5SgvA,1PT0VRsYc9VdE6398OxrTIvmMpFL5SgvA,Carolina,44,10,2025,ca60a020-77fb-483d-8b20-a7d8f828fc35,cerrado,Admin
10/26/2025 15:34:39,2025-10-26,15:34,Lynwood,es,5,5,5,5,10,,,,https://drive.google.com/drive/folders/1PT0VRsYc9VdE6398OxrTIvmMpFL5SgvA,1PT0VRsYc9VdE6398OxrTIvmMpFL5SgvA,Victor morales,44,10,2025,e647b553-bc2d-4e37-954f-4c5779944dcf,cerrado,Admin
10/26/2025 16:04:41,2025-10-26,16:04,Lynwood,es,5,5,5,5,10,,,,https://drive.google.com/drive/folders/1PT0VRsYc9VdE6398OxrTIvmMpFL5SgvA,1PT0VRsYc9VdE6398OxrTIvmMpFL5SgvA,,44,10,2025,19aef4e1-cf42-42eb-b720-89b9048fb17b,cerrado,Admin
10/26/2025 16:18:57,2025-10-26,16:18,Lynwood,es,5,5,5,5,10,Best taco place ever,,,https://drive.google.com/drive/folders/1PT0VRsYc9VdE6398OxrTIvmMpFL5SgvA,1PT0VRsYc9VdE6398OxrTIvmMpFL5SgvA,Jayden,44,10,2025,5537f9d6-9210-4ac5-b894-7860d62f4689,cerrado,Admin
10/26/2025 16:46:09,2025-10-26,16:46,Lynwood,es,5,5,5,5,9,,,,https://drive.google.com/drive/folders/1PT0VRsYc9VdE6398OxrTIvmMpFL5SgvA,1PT0VRsYc9VdE6398OxrTIvmMpFL5SgvA,Jose,44,10,2025,2f5bd40f-fcf5-4eee-bc02-1e02e2674ee0,cerrado,Admin
10/26/2025 17:17:46,2025-10-26,17:17,Lynwood,en,5,5,5,5,10,Very nice and respectful staff,,,https://drive.google.com/drive/folders/1PT0VRsYc9VdE6398OxrTIvmMpFL5SgvA,1PT0VRsYc9VdE6398OxrTIvmMpFL5SgvA,,44,10,2025,15ea3a63-4e94-44e0-b88b-01c31c8bc60e,cerrado,Admin
10/26/2025 17:17:48,2025-10-26,17:17,Lynwood,es,5,5,5,5,10,,,,https://drive.google.com/drive/folders/1PT0VRsYc9VdE6398OxrTIvmMpFL5SgvA,1PT0VRsYc9VdE6398OxrTIvmMpFL5SgvA,,44,10,2025,e8d44d70-d312-47af-8000-06d78a367157,cerrado,Admin
10/26/2025 17:19:09,2025-10-26,17:19,Lynwood,es,5,5,5,5,10,,,,https://drive.google.com/drive/folders/1PT0VRsYc9VdE6398OxrTIvmMpFL5SgvA,1PT0VRsYc9VdE6398OxrTIvmMpFL5SgvA,,44,10,2025,4160ddc7-7e0d-4fcf-bfe0-de5d742e44fb,cerrado,Admin
10/26/2025 17:29:24,2025-10-26,17:29,Lynwood,es,5,5,5,4,8,,,,https://drive.google.com/drive/folders/1PT0VRsYc9VdE6398OxrTIvmMpFL5SgvA,1PT0VRsYc9VdE6398OxrTIvmMpFL5SgvA,Maria,44,10,2025,3b3405c1-8891-4ee1-9a50-ca0a7168193b,cerrado,Admin
10/26/2025 17:34:43,2025-10-26,17:34,Lynwood,en,5,5,5,5,10,,,,https://drive.google.com/drive/folders/1PT0VRsYc9VdE6398OxrTIvmMpFL5SgvA,1PT0VRsYc9VdE6398OxrTIvmMpFL5SgvA,,44,10,2025,8f10cc81-6ff9-4403-91a8-c1fb963a216e,cerrado,Admin
10/26/2025 17:36:06,2025-10-26,17:36,Lynwood,en,5,5,5,5,10,,,,https://drive.google.com/drive/folders/1_aqVqP8_od9G-UWOUpq4Ig5RMgLFILGp,1_aqVqP8_od9G-UWOUpq4Ig5RMgLFILGp,Steven,44,10,2025,0f3d8897-4210-4880-9ed3-261dd5bce39f,cerrado,Admin
10/26/2025 17:38:55,2025-10-26,17:38,Lynwood,es,5,5,5,5,10,Todo muy rico siempre,,,https://drive.google.com/drive/folders/1PT0VRsYc9VdE6398OxrTIvmMpFL5SgvA,1PT0VRsYc9VdE6398OxrTIvmMpFL5SgvA,,44,10,2025,cf1a2f01-a83b-4bd8-a82b-1c5e37657358,cerrado,Admin
10/26/2025 17:42:49,2025-10-26,17:42,Lynwood,en,5,5,5,5,10,She was nice and gave good service,,,https://drive.google.com/drive/folders/1PT0VRsYc9VdE6398OxrTIvmMpFL5SgvA,1PT0VRsYc9VdE6398OxrTIvmMpFL5SgvA,Ruben,44,10,2025,fcf1b54e-7d14-4fed-a634-012333a28be8,cerrado,Admin
10/26/2025 17:43:32,2025-10-26,17:43,Lynwood,es,5,5,5,5,10,Nut birn,,,https://drive.google.com/drive/folders/1PT0VRsYc9VdE6398OxrTIvmMpFL5SgvA,1PT0VRsYc9VdE6398OxrTIvmMpFL5SgvA,Randeezie,44,10,2025,cebbabe4-105c-43ae-ada0-9e1c2dbba31b,cerrado,Admin
10/26/2025 17:44:16,2025-10-26,17:44,Lynwood,es,5,5,5,5,10,,,,https://drive.google.com/drive/folders/1PT0VRsYc9VdE6398OxrTIvmMpFL5SgvA,1PT0VRsYc9VdE6398OxrTIvmMpFL5SgvA,,44,10,2025,7569add6-ee3f-4491-9b38-ea6975fddc7a,cerrado,Admin
10/26/2025 17:45:17,2025-10-26,17:45,Lynwood,es,4,4,4,4,10,,,,https://drive.google.com/drive/folders/1PT0VRsYc9VdE6398OxrTIvmMpFL5SgvA,1PT0VRsYc9VdE6398OxrTIvmMpFL5SgvA,,44,10,2025,2f001fb9-f1a7-498c-80f2-667a21972e34,cerrado,Admin
10/26/2025 17:49:02,2025-10-26,17:49,Lynwood,es,5,5,5,5,10,,,,https://drive.google.com/drive/folders/1PT0VRsYc9VdE6398OxrTIvmMpFL5SgvA,1PT0VRsYc9VdE6398OxrTIvmMpFL5SgvA,Andy,44,10,2025,91018761-0b65-4e2a-bfc1-d4b0ee6eda50,cerrado,Admin
10/26/2025 17:51:24,2025-10-26,17:51,Lynwood,es,5,5,5,5,10,,,,https://drive.google.com/drive/folders/1PT0VRsYc9VdE6398OxrTIvmMpFL5SgvA,1PT0VRsYc9VdE6398OxrTIvmMpFL5SgvA,Ella,44,10,2025,5bbf54df-7069-4bec-8a65-6c2be52e9594,cerrado,Admin
10/26/2025 17:57:41,2025-10-26,17:57,Lynwood,es,5,5,5,5,10,Todo fue excelente,,,https://drive.google.com/drive/folders/1PT0VRsYc9VdE6398OxrTIvmMpFL5SgvA,1PT0VRsYc9VdE6398OxrTIvmMpFL5SgvA,Jose,44,10,2025,1f2709dc-2c58-4575-9614-897a9928a4b3,cerrado,Admin
10/26/2025 18:03:09,2025-10-26,18:03,Lynwood,es,5,5,5,5,10,Todo siempre rico y fresco,,,https://drive.google.com/drive/folders/1PT0VRsYc9VdE6398OxrTIvmMpFL5SgvA,1PT0VRsYc9VdE6398OxrTIvmMpFL5SgvA,,44,10,2025,1dc5ab63-edd3-4ab0-803a-0164fb5070e3,cerrado,Admin
10/26/2025 18:21:06,2025-10-26,18:21,Lynwood,es,5,5,5,4,10,Me encanta venir ah esta locacion porque son muy amables la comida la sirven muy rapido y tiene un sabor delicisioso,,,https://drive.google.com/drive/folders/1PT0VRsYc9VdE6398OxrTIvmMpFL5SgvA,1PT0VRsYc9VdE6398OxrTIvmMpFL5SgvA,Sandra ramos,44,10,2025,001e0ce5-4c24-4485-aa33-749c398f3ed4,cerrado,Admin
10/26/2025 18:26:18,2025-10-26,18:26,Lynwood,es,4,4,4,4,9,,,,https://drive.google.com/drive/folders/1PT0VRsYc9VdE6398OxrTIvmMpFL5SgvA,1PT0VRsYc9VdE6398OxrTIvmMpFL5SgvA,Mauricio,44,10,2025,7d39b537-3227-4601-98a7-5bd66f0368a4,cerrado,Admin
10/26/2025 18:39:39,2025-10-26,18:39,Lynwood,es,5,5,4,4,10,,,,https://drive.google.com/drive/folders/1PT0VRsYc9VdE6398OxrTIvmMpFL5SgvA,1PT0VRsYc9VdE6398OxrTIvmMpFL5SgvA,Naomi,44,10,2025,32af41f8-2c66-4135-a61a-8b8dc4f2afa2,cerrado,Admin
10/26/2025 18:41:23,2025-10-26,18:41,Lynwood,es,5,3,5,5,5,La vez anterior a esta que vinimos pedimos una torta cubana y nos la dieron de pura asada,,,https://drive.google.com/drive/folders/1PT0VRsYc9VdE6398OxrTIvmMpFL5SgvA,1PT0VRsYc9VdE6398OxrTIvmMpFL5SgvA,Antonio,44,10,2025,85d8c09b-96c8-40e0-81b3-a768c3468f44,cerrado,Admin
10/26/2025 18:44:55,2025-10-26,18:44,Lynwood,es,5,5,5,4,10,,,,https://drive.google.com/drive/folders/1PT0VRsYc9VdE6398OxrTIvmMpFL5SgvA,1PT0VRsYc9VdE6398OxrTIvmMpFL5SgvA,,44,10,2025,83694fab-32f2-4327-a760-635eaeeed7dd,cerrado,Admin
10/26/2025 18:58:36,2025-10-26,18:58,Lynwood,es,5,5,5,5,10,,,,https://drive.google.com/drive/folders/1PT0VRsYc9VdE6398OxrTIvmMpFL5SgvA,1PT0VRsYc9VdE6398OxrTIvmMpFL5SgvA,,44,10,2025,aefdadd9-67a2-4e2a-8bf6-b548cdc9921d,cerrado,Admin
10/26/2025 18:59:21,2025-10-26,18:59,Lynwood,es,5,5,5,5,10,Yo com칤 muy a gusto y creo que todo est치 bien 游녨,,,https://drive.google.com/drive/folders/1PT0VRsYc9VdE6398OxrTIvmMpFL5SgvA,1PT0VRsYc9VdE6398OxrTIvmMpFL5SgvA,Juan,44,10,2025,3c0501d7-6e68-47ef-aa1c-fbf0d8eb5bb8,cerrado,Admin
10/26/2025 19:05:00,2025-10-26,19:04,Lynwood,es,5,5,5,5,9,,,,https://drive.google.com/drive/folders/1PT0VRsYc9VdE6398OxrTIvmMpFL5SgvA,1PT0VRsYc9VdE6398OxrTIvmMpFL5SgvA,,44,10,2025,c477000d-333c-48c4-b52e-14dc914e870b,cerrado,Admin
10/26/2025 19:07:09,2025-10-26,19:07,Lynwood,es,5,5,5,5,10,,,,https://drive.google.com/drive/folders/11YjNdkPBwgXl2PiUXPQL-9xd7eDX1cZF,11YjNdkPBwgXl2PiUXPQL-9xd7eDX1cZF,,44,10,2025,f5305a9d-49af-480b-b61e-12a36ea4b82b,cerrado,Admin
10/26/2025 19:16:07,2025-10-26,19:16,Lynwood,en,5,5,5,5,9,Ninguno,,,https://drive.google.com/drive/folders/1PT0VRsYc9VdE6398OxrTIvmMpFL5SgvA,1PT0VRsYc9VdE6398OxrTIvmMpFL5SgvA,Anayanett,44,10,2025,679ff2b6-ee7a-461a-9f1b-907dcf85e26e,cerrado,Admin
10/26/2025 19:16:32,2025-10-26,19:16,Lynwood,es,5,5,5,5,10,,,,https://drive.google.com/drive/folders/1PT0VRsYc9VdE6398OxrTIvmMpFL5SgvA,1PT0VRsYc9VdE6398OxrTIvmMpFL5SgvA,Walter Herrera,44,10,2025,1aea5a26-e81d-41fa-8130-c313054e2992,cerrado,Admin
10/26/2025 19:20:12,2025-10-26,19:20,Lynwood,es,5,5,5,5,10,,,,https://drive.google.com/drive/folders/1PT0VRsYc9VdE6398OxrTIvmMpFL5SgvA,1PT0VRsYc9VdE6398OxrTIvmMpFL5SgvA,,44,10,2025,446424e8-7022-49a2-a67d-32dd18c85af2,cerrado,Admin
10/26/2025 19:23:02,2025-10-26,19:23,Lynwood,es,5,5,5,5,10,,,,https://drive.google.com/drive/folders/1PT0VRsYc9VdE6398OxrTIvmMpFL5SgvA,1PT0VRsYc9VdE6398OxrTIvmMpFL5SgvA,Joss,44,10,2025,687ce8f2-7792-439c-9c74-09a7a3e9e0c4,cerrado,Admin
10/26/2025 19:29:28,2025-10-26,19:29,Lynwood,es,5,1,5,5,10,Buen servico,,,https://drive.google.com/drive/folders/1PT0VRsYc9VdE6398OxrTIvmMpFL5SgvA,1PT0VRsYc9VdE6398OxrTIvmMpFL5SgvA,,44,10,2025,3ede4d67-a0ab-4ab9-a290-3aa07e37025a,cerrado,Admin
10/26/2025 19:29:45,2025-10-26,19:29,Lynwood,es,5,5,5,5,10,Todo muy bien rapido y limpio gracias,,,https://drive.google.com/drive/folders/1PT0VRsYc9VdE6398OxrTIvmMpFL5SgvA,1PT0VRsYc9VdE6398OxrTIvmMpFL5SgvA,Oscar Diaz,44,10,2025,85bb9afa-6c1d-4cee-b8d7-f237b9b73dc1,cerrado,Admin
10/26/2025 19:49:00,2025-10-26,19:49,Lynwood,en,5,5,5,1,10,Good food and customer service,,,https://drive.google.com/drive/folders/1PT0VRsYc9VdE6398OxrTIvmMpFL5SgvA,1PT0VRsYc9VdE6398OxrTIvmMpFL5SgvA,Arturo,44,10,2025,a4cd091d-ab69-42d4-b21c-afc2d6d4d5e3,cerrado,Admin
10/26/2025 19:49:44,2025-10-26,19:49,Lynwood,es,5,5,5,5,5,,,,https://drive.google.com/drive/folders/1PT0VRsYc9VdE6398OxrTIvmMpFL5SgvA,1PT0VRsYc9VdE6398OxrTIvmMpFL5SgvA,,44,10,2025,577a5b9d-ff82-4c5e-b889-e4aec6547dd8,cerrado,Admin
10/26/2025 19:50:25,2025-10-26,19:50,Lynwood,es,5,5,5,5,10,,,,https://drive.google.com/drive/folders/1PT0VRsYc9VdE6398OxrTIvmMpFL5SgvA,1PT0VRsYc9VdE6398OxrTIvmMpFL5SgvA,Maria,44,10,2025,2e8a6c83-ef3a-43b3-8965-7a98533763e0,cerrado,Admin
10/26/2025 19:52:39,2025-10-26,19:52,Lynwood,es,5,5,5,5,10,Los felicito buen servicio,,,https://drive.google.com/drive/folders/1PT0VRsYc9VdE6398OxrTIvmMpFL5SgvA,1PT0VRsYc9VdE6398OxrTIvmMpFL5SgvA,Ada,44,10,2025,505452b5-3c0f-4001-b114-532119b06232,cerrado,Admin
10/26/2025 19:52:39,2025-10-26,19:52,Lynwood,es,5,5,5,5,10,Son mis tacos favoritos y el lugar siempre son amables y est치 limpio,,,https://drive.google.com/drive/folders/1PT0VRsYc9VdE6398OxrTIvmMpFL5SgvA,1PT0VRsYc9VdE6398OxrTIvmMpFL5SgvA,Flor Rodriguez,44,10,2025,c23f1576-1f74-4305-b5b8-d06de2b4a026,cerrado,Admin
10/26/2025 19:56:03,2025-10-26,19:56,Lynwood,es,5,5,5,5,10,Excelente servicio,,,https://drive.google.com/drive/folders/1Qxc8Qi8ci-vxYf9YO_CEUfbMG-Jiuv7v,1Qxc8Qi8ci-vxYf9YO_CEUfbMG-Jiuv7v,Joe,44,10,2025,5a695f48-3764-452c-9ba8-81f4bea29460,cerrado,Admin
10/26/2025 20:11:55,2025-10-26,20:11,Lynwood,es,5,5,5,5,10,Bien rico,,,https://drive.google.com/drive/folders/1PT0VRsYc9VdE6398OxrTIvmMpFL5SgvA,1PT0VRsYc9VdE6398OxrTIvmMpFL5SgvA,TYFFANY,44,10,2025,11d7e08d-87fd-4ee1-af22-184869554668,cerrado,Admin
10/26/2025 20:19:19,2025-10-26,20:19,Lynwood,es,5,5,1,5,10,Me gusta el ambiente.. Los trabajadores muy amables,,,https://drive.google.com/drive/folders/1PT0VRsYc9VdE6398OxrTIvmMpFL5SgvA,1PT0VRsYc9VdE6398OxrTIvmMpFL5SgvA,,44,10,2025,287d89a1-7d28-4f62-8692-50d1b8109de9,cerrado,Admin
10/26/2025 20:31:36,2025-10-26,20:31,Lynwood,es,5,5,4,5,10,,,,https://drive.google.com/drive/folders/1PT0VRsYc9VdE6398OxrTIvmMpFL5SgvA,1PT0VRsYc9VdE6398OxrTIvmMpFL5SgvA,Juancho,44,10,2025,e34bba46-f8d7-4d70-8467-5d8130ba7dc1,cerrado,Admin
10/26/2025 20:46:35,2025-10-26,20:46,Lynwood,es,5,5,5,5,10,,,,https://drive.google.com/drive/folders/1PT0VRsYc9VdE6398OxrTIvmMpFL5SgvA,1PT0VRsYc9VdE6398OxrTIvmMpFL5SgvA,Yocelyn,44,10,2025,a2eb17bc-e450-4d8c-90f3-4884ce888957,cerrado,Admin
10/26/2025 20:49:32,2025-10-26,20:49,Lynwood,es,5,5,5,5,10,,,,https://drive.google.com/drive/folders/1PT0VRsYc9VdE6398OxrTIvmMpFL5SgvA,1PT0VRsYc9VdE6398OxrTIvmMpFL5SgvA,,44,10,2025,d32fe459-e6c3-4934-a977-81f848b1979c,cerrado,Admin
10/26/2025 21:00:56,2025-10-26,21:00,Lynwood,es,5,5,5,5,10,"Lugar esta bien limpio, comida bien rica, y servicio perfecto",,,https://drive.google.com/drive/folders/1PT0VRsYc9VdE6398OxrTIvmMpFL5SgvA,1PT0VRsYc9VdE6398OxrTIvmMpFL5SgvA,Victor,44,10,2025,e8109d2e-0e71-427b-8e02-70c04ce27662,cerrado,Admin
10/26/2025 21:12:39,2025-10-26,21:12,Lynwood,es,5,5,5,5,10,Gina felicidad,,,https://drive.google.com/drive/folders/1PT0VRsYc9VdE6398OxrTIvmMpFL5SgvA,1PT0VRsYc9VdE6398OxrTIvmMpFL5SgvA,Anstacio salgado,44,10,2025,43842fa2-43fb-4934-ad52-4f7464627786,cerrado,Admin
10/26/2025 21:16:48,2025-10-26,21:16,Lynwood,es,5,5,5,5,10,sugey fue muy amable y su customer service de lo maximo,,,https://drive.google.com/drive/folders/1PT0VRsYc9VdE6398OxrTIvmMpFL5SgvA,1PT0VRsYc9VdE6398OxrTIvmMpFL5SgvA,,44,10,2025,1fd59ef9-001f-4cfe-92b9-0b2be5ba7bea,cerrado,Admin
10/26/2025 21:20:05,2025-10-26,21:20,Lynwood,es,5,5,5,5,10,No,,,https://drive.google.com/drive/folders/1PT0VRsYc9VdE6398OxrTIvmMpFL5SgvA,1PT0VRsYc9VdE6398OxrTIvmMpFL5SgvA,캾orge garcia,44,10,2025,4b3d77fd-566a-418f-8949-6a19f6d0ec8c,cerrado,Admin
10/26/2025 21:28:10,2025-10-26,21:28,Lynwood,es,5,5,5,5,9,,,,https://drive.google.com/drive/folders/1PT0VRsYc9VdE6398OxrTIvmMpFL5SgvA,1PT0VRsYc9VdE6398OxrTIvmMpFL5SgvA,Rosario,44,10,2025,8271421b-8dc3-4ca5-90ef-a26c3f70ba33,cerrado,Admin
10/26/2025 21:38:40,2025-10-26,21:38,Lynwood,en,3,1,3,2,7,,,,https://drive.google.com/drive/folders/1PT0VRsYc9VdE6398OxrTIvmMpFL5SgvA,1PT0VRsYc9VdE6398OxrTIvmMpFL5SgvA,,44,10,2025,c8ae3301-7f57-4b3f-bd7f-3b6f996d9986,cerrado,Admin
10/26/2025 21:47:39,2025-10-26,21:47,Lynwood,en,5,5,5,5,10,,,,https://drive.google.com/drive/folders/1PT0VRsYc9VdE6398OxrTIvmMpFL5SgvA,1PT0VRsYc9VdE6398OxrTIvmMpFL5SgvA,Elizabeth,44,10,2025,7fd7235d-f4bb-4757-b5b5-e2d534358938,cerrado,Admin
10/26/2025 22:00:10,2025-10-26,22:00,Lynwood,es,5,5,1,5,10,,,,https://drive.google.com/drive/folders/1PT0VRsYc9VdE6398OxrTIvmMpFL5SgvA,1PT0VRsYc9VdE6398OxrTIvmMpFL5SgvA,Anita,44,10,2025,3521b091-f195-4913-b763-36905e445fb6,cerrado,Admin
10/26/2025 22:06:00,2025-10-26,22:06,Lynwood,es,5,5,5,5,10,,,,https://drive.google.com/drive/folders/1PT0VRsYc9VdE6398OxrTIvmMpFL5SgvA,1PT0VRsYc9VdE6398OxrTIvmMpFL5SgvA,,44,10,2025,a4c5c8d1-1f61-461b-8599-fce30e9dd8d5,cerrado,Admin
10/26/2025 22:06:21,2025-10-26,22:06,Lynwood,en,5,5,5,5,10,,,,https://drive.google.com/drive/folders/1PT0VRsYc9VdE6398OxrTIvmMpFL5SgvA,1PT0VRsYc9VdE6398OxrTIvmMpFL5SgvA,,44,10,2025,c3ce5207-157d-4889-bd42-727015687c21,cerrado,Admin
10/26/2025 22:20:17,2025-10-26,22:20,Lynwood,es,5,5,5,5,10,,,,https://drive.google.com/drive/folders/1PT0VRsYc9VdE6398OxrTIvmMpFL5SgvA,1PT0VRsYc9VdE6398OxrTIvmMpFL5SgvA,Daisha,44,10,2025,90daf6f6-0a6f-44ef-8f36-2fd9a29a9a8a,cerrado,Admin
10/26/2025 22:20:29,2025-10-26,22:20,Lynwood,es,5,5,5,5,10,,,,https://drive.google.com/drive/folders/1PT0VRsYc9VdE6398OxrTIvmMpFL5SgvA,1PT0VRsYc9VdE6398OxrTIvmMpFL5SgvA,Vanessa,44,10,2025,0c6e5e28-f636-4cb8-88de-77b42b35f097,cerrado,Admin
10/26/2025 22:22:50,2025-10-26,22:22,Lynwood,es,5,5,5,5,10,,,,https://drive.google.com/drive/folders/1PT0VRsYc9VdE6398OxrTIvmMpFL5SgvA,1PT0VRsYc9VdE6398OxrTIvmMpFL5SgvA,Oscar,44,10,2025,19e2ac64-712f-486d-a27c-ab3d9f4ca0b5,cerrado,Admin
10/26/2025 22:28:14,2025-10-26,22:28,Lynwood,es,5,5,5,5,10,,,,https://drive.google.com/drive/folders/1Q5vHEGvvzKNYUReNMfpRJC5l-1wLCc2K,1Q5vHEGvvzKNYUReNMfpRJC5l-1wLCc2K,,44,10,2025,0276240b-2bee-42a6-bdf3-5a906c34f14b,cerrado,Admin
10/26/2025 22:43:14,2025-10-26,22:43,Lynwood,en,5,5,5,5,10,I love the service there,,,https://drive.google.com/drive/folders/1PT0VRsYc9VdE6398OxrTIvmMpFL5SgvA,1PT0VRsYc9VdE6398OxrTIvmMpFL5SgvA,,44,10,2025,ad6b701e-9947-443a-b1e8-d9fb46a7c0bc,cerrado,Admin
10/26/2025 22:49:59,2025-10-26,22:49,Lynwood,es,5,5,5,5,10,,,,https://drive.google.com/drive/folders/1PT0VRsYc9VdE6398OxrTIvmMpFL5SgvA,1PT0VRsYc9VdE6398OxrTIvmMpFL5SgvA,Carlos,44,10,2025,37292ca7-2a45-4daf-ac85-c0403a01467f,cerrado,Admin
10/26/2025 22:55:55,2025-10-26,22:55,Lynwood,es,5,5,5,5,10,Fantastico,,,https://drive.google.com/drive/folders/1PT0VRsYc9VdE6398OxrTIvmMpFL5SgvA,1PT0VRsYc9VdE6398OxrTIvmMpFL5SgvA,Edgar,44,10,2025,0b7c2011-dc02-4128-88b9-d4d90d6975c5,cerrado,Admin
10/26/2025 22:57:30,2025-10-26,22:57,Lynwood,es,5,5,5,5,10,,,,https://drive.google.com/drive/folders/1PT0VRsYc9VdE6398OxrTIvmMpFL5SgvA,1PT0VRsYc9VdE6398OxrTIvmMpFL5SgvA,Guillermo,44,10,2025,2e46ffa5-399f-46db-8c7e-a7dcbebf3b68,cerrado,Admin
10/26/2025 23:01:42,2025-10-26,23:01,Lynwood,es,5,5,5,5,10,,,,https://drive.google.com/drive/folders/1PT0VRsYc9VdE6398OxrTIvmMpFL5SgvA,1PT0VRsYc9VdE6398OxrTIvmMpFL5SgvA,Ramon,44,10,2025,88195b00-cfb7-4238-a968-5ec190ae1667,cerrado,Admin
10/26/2025 23:23:48,2025-10-26,23:23,Lynwood,es,5,5,5,4,10,,,,https://drive.google.com/drive/folders/1PT0VRsYc9VdE6398OxrTIvmMpFL5SgvA,1PT0VRsYc9VdE6398OxrTIvmMpFL5SgvA,Leo,44,10,2025,4f26bebd-4a61-40de-8831-cb76ef07c70d,cerrado,Admin
10/26/2025 23:28:38,2025-10-26,23:28,Lynwood,en,5,5,5,5,10,,,,https://drive.google.com/drive/folders/1PT0VRsYc9VdE6398OxrTIvmMpFL5SgvA,1PT0VRsYc9VdE6398OxrTIvmMpFL5SgvA,Ricardo,44,10,2025,edc02d91-9ba4-4b56-b757-9418d4f8d2ad,cerrado,Admin
10/27/2025 0:07:55,2025-10-27,0:07,Lynwood,es,5,5,5,5,10,游녨游똂,,,https://drive.google.com/drive/folders/1TnqGxwtQt1g7Bo2Cb91FQbs2cceIHhKB,1TnqGxwtQt1g7Bo2Cb91FQbs2cceIHhKB,Luis,44,10,2025,55743f51-a48c-4d71-be45-01c1d75dfb25,cerrado,Admin
10/27/2025 0:12:46,2025-10-27,0:12,Lynwood,es,5,5,5,5,10,,,,https://drive.google.com/drive/folders/1TnqGxwtQt1g7Bo2Cb91FQbs2cceIHhKB,1TnqGxwtQt1g7Bo2Cb91FQbs2cceIHhKB,Martin,44,10,2025,3a46c6c2-66dc-42fc-b2bf-d33bb57d6dc3,cerrado,Admin
10/27/2025 0:30:23,2025-10-27,0:30,Lynwood,es,5,5,5,5,10,,,,https://drive.google.com/drive/folders/1wra0ux55OVBTr1rnjVN0sU0W1vXjhaHY,1wra0ux55OVBTr1rnjVN0sU0W1vXjhaHY,Jose,44,10,2025,95c482df-fd0b-410f-b9f1-481c7dcb7b2b,cerrado,Admin
10/27/2025 11:59:36,2025-10-27,11:59,Lynwood,es,5,5,4,5,9,Me gustar칤a que abrieran m치s temprano,,,https://drive.google.com/drive/folders/1TnqGxwtQt1g7Bo2Cb91FQbs2cceIHhKB,1TnqGxwtQt1g7Bo2Cb91FQbs2cceIHhKB,Ann,44,10,2025,b8f851e4-cc8d-46f4-b1f0-057745663e68,cerrado,Admin
10/27/2025 13:16:57,2025-10-27,13:16,Lynwood,es,5,5,5,5,10,Jennifer siempre me atiende con lo m치s pronto posible.  Ella es muy respetuosa y siempre me me saluda con una sonrisa,,,https://drive.google.com/drive/folders/1TnqGxwtQt1g7Bo2Cb91FQbs2cceIHhKB,1TnqGxwtQt1g7Bo2Cb91FQbs2cceIHhKB,Sr. Campos,44,10,2025,189f0faf-6175-45ca-b22b-3cacb82413f0,cerrado,Admin
10/27/2025 13:26:37,2025-10-27,13:26,Lynwood,es,5,5,4,5,9,"El dispensador de bebidas, deber칤a limpiarlo ha conciencia m치s seguido, porque donde sale el hielo. No est치 muy limpio.",,,https://drive.google.com/drive/folders/1tWQofAK6Q7pyUwVMZYMXojG7GYAE1Ht7,1tWQofAK6Q7pyUwVMZYMXojG7GYAE1Ht7,Gabriela Ram칤rez,44,10,2025,1f135d21-a8f1-4287-bc5a-f2f448e70bc3,cerrado,Admin
10/27/2025 16:20:28,2025-10-27,16:20,Lynwood,es,5,5,5,5,10,Gracias a Eliuth y Jennifer 游눮游녨游낖,,,https://drive.google.com/drive/folders/1TnqGxwtQt1g7Bo2Cb91FQbs2cceIHhKB,1TnqGxwtQt1g7Bo2Cb91FQbs2cceIHhKB,Eliuth. A,44,10,2025,279dd977-ab39-453c-a796-d1253ae79a4a,cerrado,Admin
10/28/2025 20:41:22,2025-10-28,20:41,Lynwood,es,5,5,5,5,10,Siempre esta imp칤o el restaurante! La comida siempre esta deliciosa tambi칠n - y son muy r치pidos con todas las ordenas :),,,https://drive.google.com/drive/folders/16J1lIiDDHso9G9-pouuGw7ywPbTxfI5C,16J1lIiDDHso9G9-pouuGw7ywPbTxfI5C,,44,10,2025,cfe6149c-53d2-4466-a2ad-a2708591806a,cerrado,Roque
10/29/2025 18:19:51,2025-10-29,18:19,Lynwood,es,5,5,5,5,5,,,,https://drive.google.com/drive/folders/1NqVcTgo96VvMZF_bxc_yfoTUMI-4kdja,1NqVcTgo96VvMZF_bxc_yfoTUMI-4kdja,Javier,44,10,2025,f1ef3b24-0f47-4614-8dfe-f2bc4b70925f,,
10/29/2025 20:31:48,2025-10-29,20:31,Lynwood,es,5,5,5,5,10,,,,https://drive.google.com/drive/folders/1NqVcTgo96VvMZF_bxc_yfoTUMI-4kdja,1NqVcTgo96VvMZF_bxc_yfoTUMI-4kdja,,44,10,2025,70f2c872-9e05-493c-aa28-750bce02e04e,,
10/30/2025 15:34:11,2025-10-30,15:34,Lynwood,en,5,5,5,5,10,Maria the cashier provided outstanding service with a beautiful smile.  The food is delicious and authentic. Will come back for sure.,,,https://drive.google.com/drive/folders/1DWpGbaV-uapK5d9r9yOjOHeLuhAKwsVp,1DWpGbaV-uapK5d9r9yOjOHeLuhAKwsVp,Danny,44,10,2025,f12c1dc5-aedb-481d-8f3a-79d1fce3bd3f,,
10/30/2025 16:25:57,2025-10-30,16:25,Lynwood,es,5,5,5,5,10,buen servicio al cliente,,,https://drive.google.com/drive/folders/1DWpGbaV-uapK5d9r9yOjOHeLuhAKwsVp,1DWpGbaV-uapK5d9r9yOjOHeLuhAKwsVp,,44,10,2025,dfae4656-5b8e-4559-b96f-c58c4866b68a,,
10/31/2025 12:50:52,2025-10-31,12:50,Lynwood,es,5,5,5,5,10,Todo esta perfecto,,,https://drive.google.com/drive/folders/1WqN4VkMm7EB2XCN5MT_7E3JJtsYRzFR_,1WqN4VkMm7EB2XCN5MT_7E3JJtsYRzFR_,Alfredo,44,10,2025,d407a778-58fb-4a09-a3ad-a248ebdeb44f,,
10/31/2025 14:21:13,2025-10-31,14:21,Lynwood,es,5,5,5,5,10,Meatebdio Maritza y el servicio fue expectular siempre muy amable,,,https://drive.google.com/drive/folders/1WqN4VkMm7EB2XCN5MT_7E3JJtsYRzFR_,1WqN4VkMm7EB2XCN5MT_7E3JJtsYRzFR_,,44,10,2025,331a8e66-1df3-461e-8e8d-e337faaffa8a,,
11/1/2025 13:20:15,2025-11-01,13:20,Lynwood,es,5,5,5,5,10,Jennifer fue muy amable.  Excelente servicio,,,https://drive.google.com/drive/folders/1f8lRsBgP3vQMLpHYi_dFBDf6iKXyT22R,1f8lRsBgP3vQMLpHYi_dFBDf6iKXyT22R,Ann,44,11,2025,b4dbb7ee-5e3c-4151-9f69-b88603db0cd7,,
11/1/2025 14:48:46,2025-11-01,14:48,Lynwood,es,5,5,5,5,10,,,,https://drive.google.com/drive/folders/1f8lRsBgP3vQMLpHYi_dFBDf6iKXyT22R,1f8lRsBgP3vQMLpHYi_dFBDf6iKXyT22R,,44,11,2025,5a25a933-d0ef-4f2b-a522-a326122a46ef,,
11/1/2025 14:53:25,2025-11-01,14:53,Lynwood,es,5,5,5,5,10,"Me atendio Blanca Z 
Muy amable",,,https://drive.google.com/drive/folders/1f8lRsBgP3vQMLpHYi_dFBDf6iKXyT22R,1f8lRsBgP3vQMLpHYi_dFBDf6iKXyT22R,,44,11,2025,1a5fa9cc-6515-4c3c-ba35-6b05a8af6005,,
11/3/2025 13:21:18,2025-11-03,13:21,Lynwood,es,5,5,5,5,10,,,,https://drive.google.com/drive/folders/1TYF-TiGCdVEAK5CN_19IUSymoKP1rsKi,1TYF-TiGCdVEAK5CN_19IUSymoKP1rsKi,,45,11,2025,4fbdd6f9-ba56-4c10-9766-95556a5a9367,,
11/4/2025 15:21:15,2025-11-04,15:21,Lynwood,en,5,5,5,5,10,"Imperial hwy near Long Beach blvd. Every time I come I have a  very pleasant experience, Maria was great when I placed my order. Everything was exactly as I ordered. And they always greet you first in Spanish then I always say good morning or good afternoon in English. Maria is welcoming and professional.",,,https://drive.google.com/drive/folders/1_EmKZF3awneBsX9gS0s54W9BxO3vxzI5,1_EmKZF3awneBsX9gS0s54W9BxO3vxzI5,Kim,45,11,2025,471b1f6b-e8ef-4b3f-8a25-1f91b1df16f9,,
11/6/2025 11:25:08,2025-11-06,11:25,Lynwood,en,5,5,5,5,10,Heidy was amazing help with great customer service,,,https://drive.google.com/drive/folders/1EciZLVeO6J5H4ZpMhNZ9VCM_yeu9ftHC,1EciZLVeO6J5H4ZpMhNZ9VCM_yeu9ftHC,,45,11,2025,dfed2de6-e1f1-49a1-bd9d-8e579cbc5890,cerrado,Roque
11/7/2025 12:25:56,2025-11-07,12:25,Lynwood,es,5,5,5,5,10,Es el mejor lugar para tacos! Servicio r치pido y todo muy organizado! Y todos bien amables!游눮,,,https://drive.google.com/drive/folders/1DFUwBvhH0cnFxNOMciT9JQdc78gwGC7R,1DFUwBvhH0cnFxNOMciT9JQdc78gwGC7R,Felipe,45,11,2025,320f6370-690b-45a1-ba50-d09dbe582d3a,,
11/7/2025 12:50:11,2025-11-07,12:50,Lynwood,es,5,5,5,5,10,,,,https://drive.google.com/drive/folders/1DFUwBvhH0cnFxNOMciT9JQdc78gwGC7R,1DFUwBvhH0cnFxNOMciT9JQdc78gwGC7R,Estrella,45,11,2025,e9eb17e3-909c-47af-b624-36c86dccc788,,
11/7/2025 13:02:36,2025-11-07,13:02,Lynwood,es,5,5,5,5,10,,,,https://drive.google.com/drive/folders/1DFUwBvhH0cnFxNOMciT9JQdc78gwGC7R,1DFUwBvhH0cnFxNOMciT9JQdc78gwGC7R,Dora,45,11,2025,2a6a3ecb-ae37-4f52-b78c-f490b153bcab,,
11/7/2025 13:04:27,2025-11-07,13:04,Lynwood,es,5,5,5,5,10,Todo perfecto,,,https://drive.google.com/drive/folders/1UbZfyPc0XOBgqZ6GejnfdzslsKnk3cLX,1UbZfyPc0XOBgqZ6GejnfdzslsKnk3cLX,Lupe Guerrero,45,11,2025,3f44c3b1-1b78-4c51-a5a9-8e42ce1c1a97,,
11/8/2025 19:00:58,2025-11-08,19:00,Lynwood,es,5,5,2,5,0,,,,https://drive.google.com/drive/folders/1DD3cQ3Ozn7EGPg7ywPk26rzS50OK2Thq,1DD3cQ3Ozn7EGPg7ywPk26rzS50OK2Thq,,45,11,2025,7db2950d-d83d-40bb-b060-671a07024aa3,,
11/8/2025 19:23:20,2025-11-08,19:23,Lynwood,es,5,5,5,5,10,,,,https://drive.google.com/drive/folders/1DD3cQ3Ozn7EGPg7ywPk26rzS50OK2Thq,1DD3cQ3Ozn7EGPg7ywPk26rzS50OK2Thq,Gloria,45,11,2025,f07cfdc1-814e-4b05-8d16-ff841f847f09,,
11/8/2025 19:28:57,2025-11-08,19:28,Lynwood,es,5,5,5,5,10,,,,https://drive.google.com/drive/folders/1DD3cQ3Ozn7EGPg7ywPk26rzS50OK2Thq,1DD3cQ3Ozn7EGPg7ywPk26rzS50OK2Thq,Yadira,45,11,2025,9463638e-58e1-4b94-a127-bf1e7eabe31f,,
11/8/2025 19:29:26,2025-11-08,19:29,Lynwood,es,5,5,5,5,10,,,,https://drive.google.com/drive/folders/1DD3cQ3Ozn7EGPg7ywPk26rzS50OK2Thq,1DD3cQ3Ozn7EGPg7ywPk26rzS50OK2Thq,Jose,45,11,2025,3e32a3d8-c2f1-4328-be52-f58df887bd1c,,
11/8/2025 20:01:00,2025-11-08,20:00,Lynwood,es,5,5,5,5,10,,,,https://drive.google.com/drive/folders/1DD3cQ3Ozn7EGPg7ywPk26rzS50OK2Thq,1DD3cQ3Ozn7EGPg7ywPk26rzS50OK2Thq,,45,11,2025,54bcfce7-363f-40a9-98d9-6958113bf402,,
11/8/2025 20:17:55,2025-11-08,20:17,Lynwood,es,5,5,5,5,10,,,,https://drive.google.com/drive/folders/1DD3cQ3Ozn7EGPg7ywPk26rzS50OK2Thq,1DD3cQ3Ozn7EGPg7ywPk26rzS50OK2Thq,,45,11,2025,12e7373b-0575-4e19-9961-33acbb2c7eae,,
11/8/2025 20:42:26,2025-11-08,20:42,Lynwood,es,5,5,5,5,10,Excelente servicio y trabajadores muy amables,,,https://drive.google.com/drive/folders/1DD3cQ3Ozn7EGPg7ywPk26rzS50OK2Thq,1DD3cQ3Ozn7EGPg7ywPk26rzS50OK2Thq,Daddy,45,11,2025,435048f0-9d69-43a1-9e89-0cf4143e7321,,
11/10/2025 0:18:28,2025-11-10,0:18,Lynwood,es,5,5,5,5,10,Que Curran muy tenprano,,,https://drive.google.com/drive/folders/1mmTv9we8xgc209ow_O950lFKiHM6bXIi,1mmTv9we8xgc209ow_O950lFKiHM6bXIi,,46,11,2025,2122b7eb-36d0-44da-b2fe-49a53567f8fe,urgente,Roque
11/10/2025 15:01:42,2025-11-10,15:01,Lynwood,es,4,4,4,5,9,,,,https://drive.google.com/drive/folders/1eYgz1PlCUVXeZCx4bDXpRcLLn852tdqY,1eYgz1PlCUVXeZCx4bDXpRcLLn852tdqY,Henry,46,11,2025,2779762f-492a-4106-9f74-b868da7d1b68,,
11/10/2025 18:26:21,2025-11-10,18:26,Lynwood,en,5,5,5,5,10,,,,https://drive.google.com/drive/folders/1mmTv9we8xgc209ow_O950lFKiHM6bXIi,1mmTv9we8xgc209ow_O950lFKiHM6bXIi,,46,11,2025,05d52ea1-e4ad-4568-8a97-3b4e009c64e9,,
11/11/2025 22:16:09,2025-11-11,22:16,Lynwood,es,5,5,5,3,10,,,,https://drive.google.com/drive/folders/1tVZMZELgZF4V_26QfDEHf2vRjP6JDQjG,1tVZMZELgZF4V_26QfDEHf2vRjP6JDQjG,,46,11,2025,363c5951-c757-48f4-a76c-b6aeb05e7e3f,,
11/13/2025 11:40:05,2025-11-13,11:40,Lynwood,es,5,5,5,5,10,La cajera fue muy profesional. Atenci칩n con una sonrisa.,,,https://drive.google.com/drive/folders/1ps-Ct7cjFlqfhIzhssCZOcZB3e656Al-,1ps-Ct7cjFlqfhIzhssCZOcZB3e656Al-,"Ruano, Hector",46,11,2025,4880a1d3-85b4-4663-b657-78f838396ad1,,
11/14/2025 1:00:34,2025-11-14,1:00,Lynwood,en,5,5,5,5,10,,,,https://drive.google.com/drive/folders/1tScaw21xNupf-BU2o4GDPmG5x-aWagJH,1tScaw21xNupf-BU2o4GDPmG5x-aWagJH,Katelyn Zacarias,46,11,2025,7557f158-56ad-4dd1-bb42-7f6d8ef35922,,
11/19/2025 11:11:47,2025-11-19,11:11,Lynwood,es,5,5,5,5,10,Me encanta el servicio,,,https://drive.google.com/drive/folders/1-PYSQDpSFYXyDnEhG_DHaALS08fWnfuQ,1-PYSQDpSFYXyDnEhG_DHaALS08fWnfuQ,Pablo portillo,47,11,2025,ca22c6b2-37c1-458f-b724-0bf0ca88997c,,
11/20/2025 22:02:31,2025-11-20,22:02,Lynwood,es,5,1,5,5,4,"Compr칠 dos Super mulita, pero nom치s me dieron multas regulares","https://drive.google.com/uc?export=view&id=1zD_Jb7c5h3arN3oaGmP0N60fV7QTT2hU
https://drive.google.com/uc?export=view&id=1fxIss8itCGcFR1xY_wSlXulENKuHZ5Ac
https://drive.google.com/uc?export=view&id=1au2GYRG5ZFirZ6i00PX-IspKJzyV2M2K","1zD_Jb7c5h3arN3oaGmP0N60fV7QTT2hU
1fxIss8itCGcFR1xY_wSlXulENKuHZ5Ac
1au2GYRG5ZFirZ6i00PX-IspKJzyV2M2K",https://drive.google.com/drive/folders/1nK6r0A_kXEufkbhqKy4NnNLR6qL5dE1R,1nK6r0A_kXEufkbhqKy4NnNLR6qL5dE1R,Jaqueline,47,11,2025,54f7aa59-9777-4f7c-a144-b678cf45ad19,,
11/22/2025 23:51:03,2025-11-22,23:51,Lynwood,es,5,5,5,5,10,Si dar refills en la agua fresca por el drive thru,,,https://drive.google.com/drive/folders/1AmLmpaLK48uXB_50qHa0y_ahTZcRPMI4,1AmLmpaLK48uXB_50qHa0y_ahTZcRPMI4,Olivia,47,11,2025,58eb5b7b-74f7-4f8a-b9fc-1d49cf733ff6,,
11/25/2025 20:18:13,2025-11-25,20:18,Lynwood,es,5,5,5,5,10,,,,https://drive.google.com/drive/folders/1aC9YkPnhVL79S4DlQjYa1jyxC27YgFDZ,1aC9YkPnhVL79S4DlQjYa1jyxC27YgFDZ,Cynthia Torres,48,11,2025,6f87d895-6bb6-494f-af7d-296d55eea67b,,
11/26/2025 11:09:43,2025-11-26,11:09,Lynwood,es,5,5,5,5,10,Excelente servicio de la cajera heydi bien sonriente y amable,,,https://drive.google.com/drive/folders/12O-7tbEHBGL5Ll8Ff0lYBVmlg7Ee0bA-,12O-7tbEHBGL5Ll8Ff0lYBVmlg7Ee0bA-,Daniel portillo,48,11,2025,535665ff-4ea7-4aed-b4f1-59d073a75441,,
11/29/2025 13:39:10,2025-11-29,13:39,Lynwood,es,5,5,5,5,10,Me atendio una cajera muy amable llamada Heidy muchas gracias por tu atencion regresare pronto gracias,,,https://drive.google.com/drive/folders/1Y0sXZJgnXBXRTjZTo1wDY6-5FKLRbQFu,1Y0sXZJgnXBXRTjZTo1wDY6-5FKLRbQFu,Maria Gonzales,48,11,2025,c53b3a4b-99bb-4efc-8cfd-c23049c50823,,
11/30/2025 12:02:26,2025-11-30,12:02,Lynwood,es,5,5,5,5,10,,,,https://drive.google.com/drive/folders/15KKW2X9uhQq15m2dRKnabZVXL6uN0xkI,15KKW2X9uhQq15m2dRKnabZVXL6uN0xkI,Irma,49,11,2025,a47e2041-eda3-4631-ad47-d689e1ebb831,,
12/1/2025 13:59:31,2025-12-01,13:59,Lynwood,es,5,5,5,5,7,,,,https://drive.google.com/drive/folders/1PyzghYxg3pRje8mrQlnfPn7dZpC5KX-Z,1PyzghYxg3pRje8mrQlnfPn7dZpC5KX-Z,,49,12,2025,7e9a95c5-439b-4cd4-893c-f1809a72a7b9,,
12/5/2025 20:45:05,2025-12-05,20:45,Lynwood,en,5,5,5,5,10,Fast and friendly service,,,https://drive.google.com/drive/folders/1OCRzssVPRqvH_mffeJJLQR_4W3ar6aSC,1OCRzssVPRqvH_mffeJJLQR_4W3ar6aSC,,49,12,2025,a3063ecd-ef4a-4909-94e3-b55caca40eeb,,
12/14/2025 16:11:30,2025-12-14,16:11,Lynwood,es,5,5,5,5,9,yummy!,,,https://drive.google.com/drive/folders/1LdnsKi7amlXEXJYcfn0VNkf2AFh54Dmz,1LdnsKi7amlXEXJYcfn0VNkf2AFh54Dmz,tiny,51,12,2025,5034d159-a1db-48ac-9822-5144567cb4e7,,
12/17/2025 15:45:53,2025-12-17,15:45,Lynwood,es,5,5,5,5,10,Est치 locaci칩n siempre est치 limpia y todos son muy amables.,,,https://drive.google.com/drive/folders/1DpevG-aSkVypjugBgv8RV4DkAbFBpz44,1DpevG-aSkVypjugBgv8RV4DkAbFBpz44,,51,12,2025,0830dc09-5e94-40dc-a6d3-cb270dc2cd1a,,
12/19/2025 12:27:41,2025-12-19,12:27,Lynwood,es,5,5,5,5,10,,,,https://drive.google.com/drive/folders/1titkPAhqQ8l7qTWng5RJhLyRJ37wJA6f,1titkPAhqQ8l7qTWng5RJhLyRJ37wJA6f,El Nito,51,12,2025,110147dd-43e6-4f4b-a539-5d4d7a786f92,,
12/23/2025 20:29:20,2025-12-23,20:29,Lynwood,es,4,5,5,5,10,,,,https://drive.google.com/drive/folders/1anwD5ECrZKn_dZtQqEJR11Ix5T-MkaWO,1anwD5ECrZKn_dZtQqEJR11Ix5T-MkaWO,Adrian,52,12,2025,00e0867a-3d6a-4156-9a6b-11de46d86c14,,
12/27/2025 15:25:00,2025-12-27,15:25,Lynwood,es,5,5,5,5,10,"Pedi mi orden y fue servida exactamente como la pedi, exelente servicio y prontitud 
Gracias",,,https://drive.google.com/drive/folders/1yLXkooFwt9t-eD4dggwEANRW8p_WdIPA,1yLXkooFwt9t-eD4dggwEANRW8p_WdIPA,AC.,52,12,2025,0655c6f4-a673-47d8-bd5f-24d0df6705f1,,
12/29/2025 13:10:11,2025-12-29,13:10,Lynwood,es,5,5,5,5,10,,,,https://drive.google.com/drive/folders/1ELm7lfl1cPL7U1cKcWRfzCJnpVmNRUp5,1ELm7lfl1cPL7U1cKcWRfzCJnpVmNRUp5,Martha,1,12,2025,1881a449-eacd-4722-971d-bb77128eae71,,
1/3/2026 22:28:02,2026-01-03,22:28,Lynwood,es,5,5,5,4,10,Revisar que las 칩rdenes sean correctas,,,https://drive.google.com/drive/folders/1LPAKcuHzjUx-VSZ8mstONkEhxy5rFk67,1LPAKcuHzjUx-VSZ8mstONkEhxy5rFk67,Mar,1,1,2026,,,
1/5/2026 16:14:10,2026-01-05,16:14,Lynwood,es,5,5,5,1,5,"Los ba침os necesitan mantenimiento, apesta a CACA 游눨no hay papel sanitario. Los videos musicales son horrendos. No podemos comer agusto. La comida rica pero menos el apeste del ba침o y los videos de m칰sica promoviendo mujeres desnudas enfrente de los ni침os y movi칠ndose sexualmente. Espero que logren cambiar los videos de m칰sica.",,,https://drive.google.com/drive/folders/1Cpu1eH4aXG6ueKjqiNwtnav7pI1h9D7R,1Cpu1eH4aXG6ueKjqiNwtnav7pI1h9D7R,Ruth,2,1,2026,,,